shipping_id,order_id,shipped_date,delivered_date,carrier,shipping_status,warehouse_location
SHIP00001,O00001,2026-02-06,2026-02-13,UPS,delivered,Munich
SHIP00002,O00002,2026-02-06,2026-02-12,DHL,in_transit,Berlin
SHIP00003,O00003,2026-03-07,2026-03-11,DPD,shipped,Hamburg
SHIP00004,O00004,2026-02-10,2026-02-17,DHL,delivered,Berlin
SHIP00005,O00005,2025-12-26,2025-12-27,DPD,in_transit,Hamburg
SHIP00006,O00006,2026-02-06,2026-02-09,DPD,delivered,Hamburg
SHIP00007,O00007,2026-01-24,2026-01-25,UPS,delivered,Hamburg
SHIP00008,O00008,2026-01-11,2026-01-16,DPD,delivered,Munich
SHIP00009,O00009,2026-01-12,2026-01-15,UPS,shipped,Munich
SHIP00010,O00010,2025-12-29,2026-01-05,UPS,shipped,Munich
SHIP00011,O00011,2026-02-12,2026-02-17,DHL,in_transit,Berlin
SHIP00012,O00012,2026-02-28,2026-03-06,UPS,in_transit,Hamburg
SHIP00013,O00013,2026-01-09,2026-01-15,DHL,delivered,Hamburg
SHIP00014,O00014,2025-12-27,2025-12-30,DPD,delivered,Munich
SHIP00015,O00015,2026-01-29,2026-02-04,DPD,in_transit,Berlin
SHIP00016,O00016,2026-02-15,2026-02-16,DHL,delivered,Berlin
SHIP00017,O00017,2026-01-22,2026-01-23,DPD,delivered,Hamburg
SHIP00018,O00018,2026-02-22,2026-02-26,UPS,delivered,Munich
SHIP00019,O00019,2026-02-17,2026-02-21,DHL,in_transit,Hamburg
SHIP00020,O00020,2025-12-13,2025-12-14,DPD,delivered,Hamburg
SHIP00021,O00021,2025-12-24,2025-12-31,DPD,delivered,Munich
SHIP00022,O00022,2025-12-27,2025-12-30,DPD,shipped,Berlin
SHIP00023,O00023,2026-02-10,2026-02-14,DPD,in_transit,Munich
SHIP00024,O00024,2026-02-03,2026-02-04,DPD,shipped,Munich
SHIP00025,O00025,2025-12-20,2025-12-26,DHL,delivered,Berlin
SHIP00026,O00026,2026-02-28,2026-03-04,DPD,delivered,Hamburg
SHIP00027,O00027,2026-01-17,2026-01-21,DPD,delivered,Hamburg
SHIP00028,O00028,2026-02-07,2026-02-12,DHL,shipped,Munich
SHIP00029,O00029,2026-01-04,2026-01-10,UPS,shipped,Munich
SHIP00030,O00030,2026-01-26,2026-01-30,DPD,delivered,Munich
SHIP00031,O00031,2025-12-17,2025-12-20,UPS,shipped,Munich
SHIP00032,O00032,2026-01-04,2026-01-09,UPS,in_transit,Munich
SHIP00033,O00033,2025-12-20,2025-12-23,UPS,in_transit,Munich
SHIP00034,O00034,2026-02-22,2026-02-27,UPS,shipped,Berlin
SHIP00035,O00035,2026-02-25,2026-03-02,DPD,delivered,Munich
SHIP00036,O00036,2026-01-08,2026-01-13,DPD,in_transit,Berlin
SHIP00037,O00037,2026-03-03,2026-03-09,UPS,in_transit,Hamburg
SHIP00038,O00038,2025-12-17,2025-12-22,DPD,delivered,Munich
SHIP00039,O00039,2026-01-30,2026-01-31,UPS,in_transit,Munich
SHIP00040,O00040,2025-12-10,2025-12-15,DPD,delivered,Berlin
SHIP00041,O00041,2026-01-13,2026-01-17,DPD,shipped,Berlin
SHIP00042,O00042,2026-01-11,2026-01-14,DPD,in_transit,Munich
SHIP00043,O00043,2026-01-01,2026-01-03,DPD,shipped,Munich
SHIP00044,O00044,2026-02-26,2026-02-27,DHL,delivered,Berlin
SHIP00045,O00045,2026-02-03,2026-02-08,DPD,shipped,Berlin
SHIP00046,O00046,2026-02-16,2026-02-18,UPS,in_transit,Munich
SHIP00047,O00047,2026-01-11,2026-01-12,UPS,delivered,Hamburg
SHIP00048,O00048,2026-01-30,2026-02-03,UPS,shipped,Berlin
SHIP00049,O00049,2026-01-23,2026-01-26,DHL,in_transit,Hamburg
SHIP00050,O00050,2026-03-04,2026-03-06,DPD,shipped,Hamburg
SHIP00051,O00051,2026-02-04,2026-02-07,UPS,shipped,Hamburg
SHIP00052,O00052,2026-01-24,2026-01-26,DHL,shipped,Hamburg
SHIP00053,O00053,2026-01-25,2026-02-01,UPS,in_transit,Munich
SHIP00054,O00054,2026-02-26,2026-03-05,DPD,delivered,Berlin
SHIP00055,O00055,2026-01-20,2026-01-25,UPS,in_transit,Munich
SHIP00056,O00056,2026-02-25,2026-03-02,DHL,in_transit,Berlin
SHIP00057,O00057,2025-12-19,2025-12-20,DHL,delivered,Munich
SHIP00058,O00058,2026-02-25,2026-03-03,DPD,in_transit,Hamburg
SHIP00059,O00059,2026-01-15,2026-01-22,UPS,in_transit,Munich
SHIP00060,O00060,2026-02-05,2026-02-07,UPS,shipped,Hamburg
SHIP00061,O00061,2026-01-23,2026-01-25,DHL,delivered,Berlin
SHIP00062,O00062,2025-12-16,2025-12-18,DPD,shipped,Berlin
SHIP00063,O00063,2025-12-30,2026-01-06,DPD,shipped,Munich
SHIP00064,O00064,2026-02-19,2026-02-21,DHL,delivered,Berlin
SHIP00065,O00065,2025-12-25,2025-12-31,UPS,in_transit,Berlin
SHIP00066,O00066,2026-03-02,2026-03-07,DHL,in_transit,Hamburg
SHIP00067,O00067,2026-01-05,2026-01-09,DPD,shipped,Munich
SHIP00068,O00068,2026-01-13,2026-01-16,DPD,in_transit,Hamburg
SHIP00069,O00069,2025-12-31,2026-01-01,DPD,shipped,Hamburg
SHIP00070,O00070,2025-12-17,2025-12-21,UPS,delivered,Munich
SHIP00071,O00071,2026-01-16,2026-01-19,DHL,in_transit,Munich
SHIP00072,O00072,2026-03-03,2026-03-10,DHL,in_transit,Berlin
SHIP00073,O00073,2025-12-26,2026-01-02,DPD,delivered,Hamburg
SHIP00074,O00074,2026-03-04,2026-03-06,DPD,delivered,Berlin
SHIP00075,O00075,2026-02-25,2026-03-04,UPS,in_transit,Hamburg
SHIP00076,O00076,2025-12-21,2025-12-24,DPD,delivered,Munich
SHIP00077,O00077,2026-01-25,2026-01-31,DPD,shipped,Berlin
SHIP00078,O00078,2026-01-02,2026-01-05,UPS,in_transit,Munich
SHIP00079,O00079,2025-12-26,2026-01-01,DHL,delivered,Munich
SHIP00080,O00080,2025-12-16,2025-12-23,DPD,shipped,Munich
SHIP00081,O00081,2026-01-14,2026-01-18,DPD,shipped,Berlin
SHIP00082,O00082,2026-02-13,2026-02-14,DHL,delivered,Hamburg
SHIP00083,O00083,2026-01-15,2026-01-16,UPS,in_transit,Berlin
SHIP00084,O00084,2026-01-16,2026-01-21,UPS,in_transit,Hamburg
SHIP00085,O00085,2026-01-16,2026-01-23,DPD,delivered,Hamburg
SHIP00086,O00086,2026-01-25,2026-01-30,DHL,delivered,Munich
SHIP00087,O00087,2026-01-25,2026-01-30,DPD,shipped,Munich
SHIP00088,O00088,2026-01-24,2026-01-27,DHL,shipped,Hamburg
SHIP00089,O00089,2026-02-20,2026-02-26,DPD,in_transit,Hamburg
SHIP00090,O00090,2025-12-20,2025-12-24,UPS,in_transit,Munich
SHIP00091,O00091,2026-02-05,2026-02-09,DHL,shipped,Munich
SHIP00092,O00092,2026-02-01,2026-02-05,DPD,in_transit,Berlin
SHIP00093,O00093,2026-01-26,2026-02-02,UPS,in_transit,Berlin
SHIP00094,O00094,2026-01-06,2026-01-10,DPD,in_transit,Hamburg
SHIP00095,O00095,2026-02-19,2026-02-25,DPD,shipped,Hamburg
SHIP00096,O00096,2025-12-20,2025-12-23,UPS,in_transit,Hamburg
SHIP00097,O00097,2025-12-24,2025-12-30,DPD,in_transit,Munich
SHIP00098,O00098,2026-02-23,2026-03-01,UPS,shipped,Hamburg
SHIP00099,O00099,2025-12-11,2025-12-12,UPS,delivered,Berlin
SHIP00100,O00100,2026-02-11,2026-02-12,UPS,shipped,Hamburg
SHIP00101,O00101,2025-12-30,2026-01-04,UPS,shipped,Berlin
SHIP00102,O00102,2026-02-16,2026-02-19,DPD,in_transit,Berlin
SHIP00103,O00103,2026-01-12,2026-01-15,UPS,shipped,Munich
SHIP00104,O00104,2025-12-16,2025-12-18,DHL,in_transit,Berlin
SHIP00105,O00105,2026-02-05,2026-02-11,DPD,shipped,Munich
SHIP00106,O00106,2026-02-27,2026-03-01,UPS,delivered,Berlin
SHIP00107,O00107,2026-01-15,2026-01-18,DHL,shipped,Munich
SHIP00108,O00108,2026-02-24,2026-02-27,UPS,in_transit,Berlin
SHIP00109,O00109,2025-12-11,2025-12-13,DHL,in_transit,Hamburg
SHIP00110,O00110,2025-12-24,2025-12-25,DHL,shipped,Munich
SHIP00111,O00111,2025-12-17,2025-12-23,DPD,in_transit,Berlin
SHIP00112,O00112,2026-02-22,2026-02-24,DPD,in_transit,Berlin
SHIP00113,O00113,2026-01-01,2026-01-07,UPS,delivered,Munich
SHIP00114,O00114,2026-03-07,2026-03-14,DPD,in_transit,Munich
SHIP00115,O00115,2026-02-23,2026-03-01,UPS,in_transit,Berlin
SHIP00116,O00116,2026-02-21,2026-02-22,DHL,shipped,Munich
SHIP00117,O00117,2026-01-30,2026-02-02,UPS,shipped,Hamburg
SHIP00118,O00118,2026-01-29,2026-02-02,UPS,shipped,Munich
SHIP00119,O00119,2025-12-14,2025-12-15,UPS,in_transit,Berlin
SHIP00120,O00120,2026-01-01,2026-01-04,UPS,in_transit,Hamburg
SHIP00121,O00121,2026-01-14,2026-01-20,UPS,in_transit,Munich
SHIP00122,O00122,2026-02-02,2026-02-03,DHL,in_transit,Hamburg
SHIP00123,O00123,2026-01-14,2026-01-17,UPS,in_transit,Berlin
SHIP00124,O00124,2025-12-25,2026-01-01,DHL,in_transit,Berlin
SHIP00125,O00125,2026-01-01,2026-01-02,DPD,shipped,Munich
SHIP00126,O00126,2026-01-05,2026-01-07,DPD,delivered,Hamburg
SHIP00127,O00127,2026-01-07,2026-01-13,UPS,shipped,Hamburg
SHIP00128,O00128,2026-01-28,2026-02-03,DPD,in_transit,Hamburg
SHIP00129,O00129,2026-02-16,2026-02-18,UPS,shipped,Munich
SHIP00130,O00130,2025-12-29,2025-12-30,UPS,delivered,Hamburg
SHIP00131,O00131,2026-01-09,2026-01-15,DHL,delivered,Munich
SHIP00132,O00132,2025-12-15,2025-12-20,DHL,shipped,Hamburg
SHIP00133,O00133,2026-02-19,2026-02-22,DPD,delivered,Berlin
SHIP00134,O00134,2026-02-07,2026-02-12,DPD,shipped,Hamburg
SHIP00135,O00135,2025-12-19,2025-12-26,DPD,shipped,Berlin
SHIP00136,O00136,2026-03-02,2026-03-07,DPD,shipped,Munich
SHIP00137,O00137,2025-12-22,2025-12-25,UPS,shipped,Hamburg
SHIP00138,O00138,2026-03-03,2026-03-06,DPD,shipped,Munich
SHIP00139,O00139,2026-01-27,2026-01-30,DHL,delivered,Berlin
SHIP00140,O00140,2026-02-05,2026-02-09,DPD,delivered,Berlin
SHIP00141,O00141,2026-02-20,2026-02-25,UPS,delivered,Munich
SHIP00142,O00142,2026-01-06,2026-01-11,UPS,shipped,Berlin
SHIP00143,O00143,2026-02-01,2026-02-08,DHL,delivered,Berlin
SHIP00144,O00144,2026-02-06,2026-02-07,DPD,in_transit,Berlin
SHIP00145,O00145,2026-01-25,2026-02-01,DPD,delivered,Hamburg
SHIP00146,O00146,2025-12-13,2025-12-20,UPS,in_transit,Munich
SHIP00147,O00147,2026-02-19,2026-02-21,DPD,delivered,Munich
SHIP00148,O00148,2026-01-04,2026-01-06,UPS,in_transit,Hamburg
SHIP00149,O00149,2026-01-30,2026-02-02,UPS,in_transit,Berlin
SHIP00150,O00150,2026-01-16,2026-01-22,DHL,in_transit,Munich
SHIP00151,O00151,2026-02-17,2026-02-18,DPD,in_transit,Berlin
SHIP00152,O00152,2026-02-16,2026-02-22,DHL,delivered,Hamburg
SHIP00153,O00153,2025-12-22,2025-12-27,UPS,in_transit,Munich
SHIP00154,O00154,2026-01-03,2026-01-08,UPS,in_transit,Hamburg
SHIP00155,O00155,2025-12-12,2025-12-15,DPD,delivered,Berlin
SHIP00156,O00156,2026-02-02,2026-02-05,DPD,in_transit,Munich
SHIP00157,O00157,2026-02-02,2026-02-05,DHL,delivered,Hamburg
SHIP00158,O00158,2026-02-28,2026-03-07,DPD,delivered,Hamburg
SHIP00159,O00159,2025-12-10,2025-12-16,DPD,shipped,Hamburg
SHIP00160,O00160,2026-02-11,2026-02-12,DPD,shipped,Berlin
SHIP00161,O00161,2025-12-30,2026-01-06,UPS,delivered,Munich
SHIP00162,O00162,2025-12-20,2025-12-27,DHL,shipped,Munich
SHIP00163,O00163,2026-01-07,2026-01-12,DPD,shipped,Munich
SHIP00164,O00164,2026-02-04,2026-02-07,DHL,shipped,Munich
SHIP00165,O00165,2026-02-18,2026-02-25,UPS,in_transit,Hamburg
SHIP00166,O00166,2026-02-15,2026-02-16,UPS,in_transit,Berlin
SHIP00167,O00167,2026-02-16,2026-02-20,DHL,delivered,Munich
SHIP00168,O00168,2026-01-28,2026-02-03,DHL,shipped,Hamburg
SHIP00169,O00169,2026-02-24,2026-03-02,DHL,in_transit,Munich
SHIP00170,O00170,2026-01-21,2026-01-25,DPD,in_transit,Munich
SHIP00171,O00171,2026-01-14,2026-01-19,UPS,in_transit,Hamburg
SHIP00172,O00172,2026-01-23,2026-01-28,DPD,shipped,Berlin
SHIP00173,O00173,2026-01-30,2026-01-31,DPD,delivered,Berlin
SHIP00174,O00174,2026-01-10,2026-01-15,UPS,in_transit,Munich
SHIP00175,O00175,2026-03-07,2026-03-08,UPS,delivered,Hamburg
SHIP00176,O00176,2026-03-03,2026-03-07,DHL,shipped,Hamburg
SHIP00177,O00177,2025-12-20,2025-12-21,DPD,in_transit,Hamburg
SHIP00178,O00178,2026-02-22,2026-02-27,DHL,in_transit,Berlin
SHIP00179,O00179,2026-03-12,2026-03-19,DHL,shipped,Munich
SHIP00180,O00180,2026-01-27,2026-02-01,DHL,shipped,Berlin
SHIP00181,O00181,2026-03-01,2026-03-03,DPD,shipped,Munich
SHIP00182,O00182,2026-01-14,2026-01-16,DPD,in_transit,Munich
SHIP00183,O00183,2025-12-26,2026-01-01,DPD,shipped,Munich
SHIP00184,O00184,2026-02-02,2026-02-03,UPS,in_transit,Hamburg
SHIP00185,O00185,2026-01-22,2026-01-26,DHL,in_transit,Munich
SHIP00186,O00186,2026-02-10,2026-02-14,DPD,in_transit,Berlin
SHIP00187,O00187,2026-01-19,2026-01-23,UPS,shipped,Hamburg
SHIP00188,O00188,2026-02-14,2026-02-21,DPD,in_transit,Hamburg
SHIP00189,O00189,2025-12-28,2025-12-30,DHL,in_transit,Berlin
SHIP00190,O00190,2026-01-09,2026-01-16,UPS,delivered,Munich
SHIP00191,O00191,2026-01-02,2026-01-06,DHL,in_transit,Munich
SHIP00192,O00192,2026-01-29,2026-02-04,DHL,shipped,Munich
SHIP00193,O00193,2025-12-30,2026-01-02,DHL,delivered,Hamburg
SHIP00194,O00194,2026-02-09,2026-02-13,DHL,in_transit,Munich
SHIP00195,O00195,2026-02-16,2026-02-21,DHL,shipped,Hamburg
SHIP00196,O00196,2026-03-04,2026-03-05,DHL,in_transit,Munich
SHIP00197,O00197,2026-01-21,2026-01-26,DPD,delivered,Berlin
SHIP00198,O00198,2026-03-10,2026-03-17,DHL,shipped,Berlin
SHIP00199,O00199,2026-01-03,2026-01-10,UPS,shipped,Munich
SHIP00200,O00200,2026-01-17,2026-01-23,DPD,shipped,Berlin
SHIP00201,O00201,2026-01-17,2026-01-23,DHL,shipped,Munich
SHIP00202,O00202,2026-01-13,2026-01-20,DPD,in_transit,Munich
SHIP00203,O00203,2026-02-05,2026-02-06,DHL,in_transit,Berlin
SHIP00204,O00204,2026-01-21,2026-01-27,DPD,delivered,Munich
SHIP00205,O00205,2026-02-19,2026-02-23,DHL,shipped,Munich
SHIP00206,O00206,2025-12-23,2025-12-30,UPS,delivered,Berlin
SHIP00207,O00207,2026-01-26,2026-01-27,DPD,delivered,Berlin
SHIP00208,O00208,2026-03-01,2026-03-07,UPS,delivered,Munich
SHIP00209,O00209,2026-02-26,2026-02-27,DHL,shipped,Berlin
SHIP00210,O00210,2026-01-13,2026-01-16,DPD,shipped,Hamburg
SHIP00211,O00211,2025-12-26,2026-01-02,DHL,in_transit,Hamburg
SHIP00212,O00212,2026-02-07,2026-02-10,UPS,delivered,Munich
SHIP00213,O00213,2026-02-21,2026-02-25,DHL,delivered,Munich
SHIP00214,O00214,2026-02-05,2026-02-07,UPS,shipped,Munich
SHIP00215,O00215,2026-01-28,2026-02-04,DPD,in_transit,Berlin
SHIP00216,O00216,2026-01-31,2026-02-04,UPS,delivered,Hamburg
SHIP00217,O00217,2025-12-12,2025-12-19,UPS,delivered,Berlin
SHIP00218,O00218,2025-12-30,2026-01-05,DHL,delivered,Munich
SHIP00219,O00219,2025-12-13,2025-12-15,UPS,in_transit,Berlin
SHIP00220,O00220,2026-01-17,2026-01-22,DPD,in_transit,Munich
SHIP00221,O00221,2026-01-01,2026-01-03,DPD,in_transit,Berlin
SHIP00222,O00222,2025-12-26,2025-12-27,DHL,delivered,Berlin
SHIP00223,O00223,2026-01-05,2026-01-09,DPD,in_transit,Hamburg
SHIP00224,O00224,2026-01-06,2026-01-10,DHL,shipped,Hamburg
SHIP00225,O00225,2026-02-22,2026-02-25,UPS,shipped,Munich
SHIP00226,O00226,2025-12-10,2025-12-11,UPS,in_transit,Berlin
SHIP00227,O00227,2025-12-14,2025-12-17,DPD,delivered,Munich
SHIP00228,O00228,2026-02-11,2026-02-15,DHL,in_transit,Hamburg
SHIP00229,O00229,2026-02-13,2026-02-15,UPS,in_transit,Berlin
SHIP00230,O00230,2025-12-27,2025-12-31,DHL,delivered,Hamburg
SHIP00231,O00231,2026-01-09,2026-01-14,DHL,delivered,Munich
SHIP00232,O00232,2026-01-10,2026-01-13,DHL,shipped,Munich
SHIP00233,O00233,2026-02-24,2026-03-01,UPS,delivered,Berlin
SHIP00234,O00234,2026-01-07,2026-01-09,DHL,delivered,Munich
SHIP00235,O00235,2025-12-21,2025-12-28,UPS,in_transit,Hamburg
SHIP00236,O00236,2025-12-19,2025-12-23,DHL,shipped,Hamburg
SHIP00237,O00237,2026-03-08,2026-03-10,UPS,in_transit,Hamburg
SHIP00238,O00238,2026-01-07,2026-01-12,DHL,in_transit,Munich
SHIP00239,O00239,2025-12-30,2026-01-03,UPS,delivered,Berlin
SHIP00240,O00240,2026-01-15,2026-01-17,DPD,shipped,Berlin
SHIP00241,O00241,2026-02-12,2026-02-15,DPD,delivered,Munich
SHIP00242,O00242,2025-12-26,2025-12-29,DPD,shipped,Hamburg
SHIP00243,O00243,2026-02-24,2026-02-28,DHL,in_transit,Hamburg
SHIP00244,O00244,2026-02-02,2026-02-06,DPD,in_transit,Munich
SHIP00245,O00245,2025-12-11,2025-12-18,DPD,shipped,Hamburg
SHIP00246,O00246,2026-01-12,2026-01-14,UPS,shipped,Munich
SHIP00247,O00247,2026-02-06,2026-02-13,UPS,in_transit,Berlin
SHIP00248,O00248,2026-03-05,2026-03-09,UPS,shipped,Munich
SHIP00249,O00249,2026-02-11,2026-02-17,UPS,delivered,Berlin
SHIP00250,O00250,2026-01-22,2026-01-28,DPD,shipped,Munich
SHIP00251,O00251,2025-12-19,2025-12-20,DHL,in_transit,Berlin
SHIP00252,O00252,2026-01-03,2026-01-10,DHL,delivered,Hamburg
SHIP00253,O00253,2026-02-21,2026-02-22,UPS,delivered,Munich
SHIP00254,O00254,2026-02-20,2026-02-25,DPD,shipped,Munich
SHIP00255,O00255,2026-01-26,2026-02-02,DHL,shipped,Berlin
SHIP00256,O00256,2026-02-22,2026-03-01,DHL,shipped,Munich
SHIP00257,O00257,2025-12-19,2025-12-21,DPD,in_transit,Hamburg
SHIP00258,O00258,2026-02-15,2026-02-19,DHL,shipped,Munich
SHIP00259,O00259,2025-12-18,2025-12-22,DPD,delivered,Munich
SHIP00260,O00260,2025-12-29,2025-12-30,UPS,shipped,Berlin
SHIP00261,O00261,2026-03-05,2026-03-06,DPD,in_transit,Hamburg
SHIP00262,O00262,2025-12-22,2025-12-29,DHL,in_transit,Munich
SHIP00263,O00263,2026-01-21,2026-01-27,DHL,shipped,Berlin
SHIP00264,O00264,2026-02-27,2026-02-28,DHL,in_transit,Berlin
SHIP00265,O00265,2025-12-12,2025-12-14,UPS,shipped,Hamburg
SHIP00266,O00266,2026-02-04,2026-02-09,DHL,delivered,Hamburg
SHIP00267,O00267,2025-12-27,2025-12-28,UPS,in_transit,Berlin
SHIP00268,O00268,2026-01-21,2026-01-22,DHL,shipped,Berlin
SHIP00269,O00269,2026-01-11,2026-01-13,UPS,shipped,Munich
SHIP00270,O00270,2026-01-28,2026-01-30,DHL,in_transit,Berlin
SHIP00271,O00271,2026-01-17,2026-01-22,UPS,shipped,Munich
SHIP00272,O00272,2026-02-14,2026-02-19,UPS,shipped,Hamburg
SHIP00273,O00273,2025-12-31,2026-01-05,UPS,in_transit,Hamburg
SHIP00274,O00274,2026-03-09,2026-03-14,DHL,delivered,Munich
SHIP00275,O00275,2026-03-03,2026-03-10,DPD,delivered,Hamburg
SHIP00276,O00276,2026-01-22,2026-01-28,UPS,shipped,Hamburg
SHIP00277,O00277,2025-12-29,2026-01-05,UPS,delivered,Hamburg
SHIP00278,O00278,2026-01-28,2026-01-30,DPD,shipped,Berlin
SHIP00279,O00279,2026-02-24,2026-03-01,UPS,shipped,Munich
SHIP00280,O00280,2026-01-31,2026-02-07,DPD,in_transit,Hamburg
SHIP00281,O00281,2026-03-05,2026-03-08,UPS,in_transit,Berlin
SHIP00282,O00282,2025-12-16,2025-12-21,DPD,in_transit,Berlin
SHIP00283,O00283,2026-02-25,2026-03-04,DHL,shipped,Berlin
SHIP00284,O00284,2026-01-17,2026-01-18,DHL,in_transit,Munich
SHIP00285,O00285,2026-02-21,2026-02-23,DPD,delivered,Hamburg
SHIP00286,O00286,2026-01-20,2026-01-22,DHL,delivered,Munich
SHIP00287,O00287,2026-01-14,2026-01-19,UPS,shipped,Berlin
SHIP00288,O00288,2026-02-03,2026-02-09,DPD,shipped,Munich
SHIP00289,O00289,2026-01-25,2026-01-29,UPS,shipped,Berlin
SHIP00290,O00290,2026-01-30,2026-02-04,UPS,in_transit,Berlin
SHIP00291,O00291,2026-02-17,2026-02-24,DHL,in_transit,Munich
SHIP00292,O00292,2026-01-25,2026-01-30,DHL,in_transit,Hamburg
SHIP00293,O00293,2026-01-25,2026-01-27,UPS,shipped,Berlin
SHIP00294,O00294,2026-03-05,2026-03-06,UPS,in_transit,Berlin
SHIP00295,O00295,2026-02-21,2026-02-23,DPD,in_transit,Berlin
SHIP00296,O00296,2026-02-26,2026-03-03,DHL,delivered,Munich
SHIP00297,O00297,2026-01-29,2026-01-31,DPD,in_transit,Hamburg
SHIP00298,O00298,2025-12-23,2025-12-25,DHL,in_transit,Berlin
SHIP00299,O00299,2025-12-12,2025-12-19,DPD,shipped,Hamburg
SHIP00300,O00300,2025-12-27,2025-12-29,UPS,delivered,Berlin
SHIP00301,O00301,2025-12-20,2025-12-22,DHL,in_transit,Berlin
SHIP00302,O00302,2026-01-27,2026-02-02,UPS,shipped,Munich
SHIP00303,O00303,2026-01-06,2026-01-08,UPS,shipped,Berlin
SHIP00304,O00304,2026-02-02,2026-02-04,UPS,shipped,Hamburg
SHIP00305,O00305,2026-02-28,2026-03-04,DPD,shipped,Hamburg
SHIP00306,O00306,2026-01-14,2026-01-18,DPD,in_transit,Hamburg
SHIP00307,O00307,2025-12-30,2025-12-31,UPS,in_transit,Hamburg
SHIP00308,O00308,2026-01-06,2026-01-09,DPD,in_transit,Hamburg
SHIP00309,O00309,2026-01-09,2026-01-10,UPS,shipped,Munich
SHIP00310,O00310,2026-01-21,2026-01-23,UPS,delivered,Munich
SHIP00311,O00311,2026-02-16,2026-02-18,UPS,in_transit,Berlin
SHIP00312,O00312,2026-02-19,2026-02-26,DPD,delivered,Hamburg
SHIP00313,O00313,2026-02-11,2026-02-16,DHL,delivered,Munich
SHIP00314,O00314,2026-03-02,2026-03-04,DHL,shipped,Berlin
SHIP00315,O00315,2026-02-22,2026-03-01,DPD,delivered,Munich
SHIP00316,O00316,2026-03-04,2026-03-11,DHL,in_transit,Hamburg
SHIP00317,O00317,2025-12-25,2025-12-30,DPD,in_transit,Berlin
SHIP00318,O00318,2026-02-26,2026-03-02,DPD,delivered,Hamburg
SHIP00319,O00319,2025-12-23,2025-12-28,DPD,in_transit,Hamburg
SHIP00320,O00320,2026-01-20,2026-01-23,UPS,shipped,Munich
SHIP00321,O00321,2026-01-31,2026-02-03,DPD,delivered,Munich
SHIP00322,O00322,2026-02-03,2026-02-10,UPS,in_transit,Munich
SHIP00323,O00323,2026-01-05,2026-01-07,DPD,in_transit,Berlin
SHIP00324,O00324,2026-02-18,2026-02-19,UPS,in_transit,Berlin
SHIP00325,O00325,2026-02-02,2026-02-04,UPS,delivered,Hamburg
SHIP00326,O00326,2026-01-13,2026-01-19,DPD,shipped,Munich
SHIP00327,O00327,2026-03-07,2026-03-13,DHL,delivered,Hamburg
SHIP00328,O00328,2026-01-17,2026-01-22,DHL,shipped,Munich
SHIP00329,O00329,2025-12-24,2025-12-28,UPS,shipped,Munich
SHIP00330,O00330,2026-01-31,2026-02-05,DPD,in_transit,Hamburg
SHIP00331,O00331,2026-02-03,2026-02-06,DPD,delivered,Munich
SHIP00332,O00332,2026-02-04,2026-02-05,DPD,delivered,Hamburg
SHIP00333,O00333,2026-01-29,2026-02-02,UPS,delivered,Hamburg
SHIP00334,O00334,2026-03-06,2026-03-12,DPD,in_transit,Munich
SHIP00335,O00335,2025-12-15,2025-12-18,DHL,delivered,Berlin
SHIP00336,O00336,2026-02-03,2026-02-05,UPS,shipped,Hamburg
SHIP00337,O00337,2026-01-31,2026-02-04,DHL,delivered,Berlin
SHIP00338,O00338,2025-12-18,2025-12-25,DPD,delivered,Hamburg
SHIP00339,O00339,2026-02-01,2026-02-05,DPD,delivered,Berlin
SHIP00340,O00340,2026-01-28,2026-01-31,DPD,shipped,Berlin
SHIP00341,O00341,2026-01-11,2026-01-13,DPD,delivered,Hamburg
SHIP00342,O00342,2026-01-14,2026-01-19,DHL,in_transit,Munich
SHIP00343,O00343,2026-03-08,2026-03-14,DPD,shipped,Berlin
SHIP00344,O00344,2025-12-13,2025-12-15,DHL,shipped,Munich
SHIP00345,O00345,2026-02-01,2026-02-04,UPS,delivered,Berlin
SHIP00346,O00346,2026-02-17,2026-02-19,DPD,shipped,Hamburg
SHIP00347,O00347,2026-01-06,2026-01-13,DPD,in_transit,Berlin
SHIP00348,O00348,2025-12-23,2025-12-27,UPS,delivered,Berlin
SHIP00349,O00349,2025-12-29,2026-01-01,UPS,in_transit,Berlin
SHIP00350,O00350,2025-12-15,2025-12-18,DHL,shipped,Munich
SHIP00351,O00351,2026-02-14,2026-02-17,DHL,shipped,Hamburg
SHIP00352,O00352,2026-01-05,2026-01-06,DPD,shipped,Berlin
SHIP00353,O00353,2025-12-25,2025-12-31,DPD,shipped,Munich
SHIP00354,O00354,2025-12-17,2025-12-18,DHL,shipped,Munich
SHIP00355,O00355,2026-01-21,2026-01-22,DHL,in_transit,Hamburg
SHIP00356,O00356,2026-02-16,2026-02-19,UPS,shipped,Berlin
SHIP00357,O00357,2026-01-20,2026-01-27,UPS,in_transit,Berlin
SHIP00358,O00358,2026-02-26,2026-03-03,UPS,in_transit,Hamburg
SHIP00359,O00359,2026-01-12,2026-01-19,DPD,in_transit,Berlin
SHIP00360,O00360,2026-01-07,2026-01-10,DPD,delivered,Berlin
SHIP00361,O00361,2025-12-08,2025-12-12,DPD,in_transit,Berlin
SHIP00362,O00362,2026-01-07,2026-01-08,DPD,shipped,Hamburg
SHIP00363,O00363,2026-01-09,2026-01-12,UPS,shipped,Hamburg
SHIP00364,O00364,2026-02-09,2026-02-13,UPS,in_transit,Munich
SHIP00365,O00365,2026-02-26,2026-02-27,UPS,delivered,Berlin
SHIP00366,O00366,2025-12-29,2026-01-04,DPD,delivered,Munich
SHIP00367,O00367,2026-01-25,2026-01-31,DPD,delivered,Hamburg
SHIP00368,O00368,2026-01-13,2026-01-20,DPD,delivered,Hamburg
SHIP00369,O00369,2026-01-05,2026-01-07,DPD,in_transit,Hamburg
SHIP00370,O00370,2026-01-19,2026-01-21,UPS,shipped,Hamburg
SHIP00371,O00371,2026-01-28,2026-02-03,DPD,in_transit,Berlin
SHIP00372,O00372,2026-01-08,2026-01-13,DHL,in_transit,Hamburg
SHIP00373,O00373,2026-02-16,2026-02-21,UPS,delivered,Hamburg
SHIP00374,O00374,2025-12-14,2025-12-21,DHL,shipped,Munich
SHIP00375,O00375,2025-12-22,2025-12-24,DHL,in_transit,Hamburg
SHIP00376,O00376,2026-02-01,2026-02-07,DHL,delivered,Hamburg
SHIP00377,O00377,2026-01-07,2026-01-12,DHL,shipped,Munich
SHIP00378,O00378,2026-02-20,2026-02-23,DPD,delivered,Berlin
SHIP00379,O00379,2026-03-04,2026-03-05,DPD,in_transit,Hamburg
SHIP00380,O00380,2025-12-30,2026-01-05,DPD,shipped,Munich
SHIP00381,O00381,2026-01-21,2026-01-23,DPD,delivered,Berlin
SHIP00382,O00382,2025-12-18,2025-12-21,UPS,shipped,Hamburg
SHIP00383,O00383,2026-03-03,2026-03-06,DPD,delivered,Berlin
SHIP00384,O00384,2026-02-18,2026-02-19,DHL,delivered,Hamburg
SHIP00385,O00385,2026-03-04,2026-03-05,DPD,delivered,Hamburg
SHIP00386,O00386,2026-02-12,2026-02-13,UPS,shipped,Berlin
SHIP00387,O00387,2025-12-18,2025-12-23,DPD,shipped,Berlin
SHIP00388,O00388,2025-12-16,2025-12-20,DHL,delivered,Munich
SHIP00389,O00389,2026-01-01,2026-01-05,DHL,delivered,Hamburg
SHIP00390,O00390,2026-02-13,2026-02-19,DHL,shipped,Hamburg
SHIP00391,O00391,2025-12-22,2025-12-28,DHL,in_transit,Hamburg
SHIP00392,O00392,2026-02-18,2026-02-19,DHL,delivered,Hamburg
SHIP00393,O00393,2026-03-03,2026-03-09,UPS,delivered,Munich
SHIP00394,O00394,2026-03-07,2026-03-14,DPD,in_transit,Berlin
SHIP00395,O00395,2025-12-12,2025-12-17,DHL,delivered,Munich
SHIP00396,O00396,2026-01-21,2026-01-23,DPD,delivered,Hamburg
SHIP00397,O00397,2026-01-31,2026-02-01,DHL,shipped,Hamburg
SHIP00398,O00398,2025-12-25,2025-12-27,UPS,in_transit,Hamburg
SHIP00399,O00399,2026-02-19,2026-02-21,DPD,in_transit,Berlin
SHIP00400,O00400,2025-12-29,2026-01-01,DHL,shipped,Hamburg
SHIP00401,O00401,2025-12-26,2025-12-27,UPS,in_transit,Berlin
SHIP00402,O00402,2026-02-15,2026-02-21,DPD,shipped,Hamburg
SHIP00403,O00403,2025-12-29,2025-12-31,DHL,in_transit,Hamburg
SHIP00404,O00404,2025-12-19,2025-12-23,UPS,delivered,Munich
SHIP00405,O00405,2026-01-29,2026-02-05,UPS,shipped,Hamburg
SHIP00406,O00406,2026-02-12,2026-02-19,DPD,in_transit,Munich
SHIP00407,O00407,2025-12-25,2025-12-28,UPS,shipped,Hamburg
SHIP00408,O00408,2026-01-31,2026-02-06,DHL,in_transit,Hamburg
SHIP00409,O00409,2026-02-17,2026-02-23,DPD,delivered,Munich
SHIP00410,O00410,2026-03-06,2026-03-08,DHL,in_transit,Berlin
SHIP00411,O00411,2026-01-02,2026-01-08,UPS,shipped,Hamburg
SHIP00412,O00412,2026-01-04,2026-01-07,DPD,in_transit,Berlin
SHIP00413,O00413,2026-01-04,2026-01-08,UPS,in_transit,Berlin
SHIP00414,O00414,2026-01-06,2026-01-08,DHL,shipped,Berlin
SHIP00415,O00415,2026-01-23,2026-01-29,DHL,delivered,Hamburg
SHIP00416,O00416,2026-01-08,2026-01-09,DHL,in_transit,Hamburg
SHIP00417,O00417,2026-02-18,2026-02-21,DHL,in_transit,Munich
SHIP00418,O00418,2025-12-24,2025-12-28,DPD,delivered,Munich
SHIP00419,O00419,2026-02-18,2026-02-20,DPD,in_transit,Munich
SHIP00420,O00420,2026-01-12,2026-01-14,DHL,shipped,Berlin
SHIP00421,O00421,2026-01-02,2026-01-04,UPS,in_transit,Hamburg
SHIP00422,O00422,2026-03-06,2026-03-11,DPD,shipped,Hamburg
SHIP00423,O00423,2025-12-19,2025-12-21,UPS,delivered,Munich
SHIP00424,O00424,2025-12-25,2025-12-29,DHL,shipped,Munich
SHIP00425,O00425,2025-12-23,2025-12-28,DPD,shipped,Hamburg
SHIP00426,O00426,2026-03-11,2026-03-12,DHL,delivered,Hamburg
SHIP00427,O00427,2025-12-27,2026-01-02,UPS,shipped,Munich
SHIP00428,O00428,2026-01-01,2026-01-04,UPS,in_transit,Munich
SHIP00429,O00429,2025-12-10,2025-12-14,DPD,shipped,Berlin
SHIP00430,O00430,2026-02-13,2026-02-19,DHL,shipped,Berlin
SHIP00431,O00431,2026-01-08,2026-01-11,DHL,in_transit,Berlin
SHIP00432,O00432,2026-01-22,2026-01-26,DHL,shipped,Hamburg
SHIP00433,O00433,2026-01-03,2026-01-09,DHL,delivered,Berlin
SHIP00434,O00434,2025-12-18,2025-12-24,UPS,delivered,Hamburg
SHIP00435,O00435,2026-02-14,2026-02-20,DPD,in_transit,Munich
SHIP00436,O00436,2026-01-24,2026-01-27,DHL,delivered,Hamburg
SHIP00437,O00437,2026-02-26,2026-03-03,DPD,delivered,Hamburg
SHIP00438,O00438,2026-01-15,2026-01-21,UPS,in_transit,Berlin
SHIP00439,O00439,2026-01-08,2026-01-14,DPD,shipped,Munich
SHIP00440,O00440,2026-01-18,2026-01-19,UPS,in_transit,Hamburg
SHIP00441,O00441,2026-01-27,2026-01-29,DPD,delivered,Berlin
SHIP00442,O00442,2025-12-13,2025-12-20,UPS,shipped,Berlin
SHIP00443,O00443,2026-02-12,2026-02-13,DPD,in_transit,Munich
SHIP00444,O00444,2025-12-23,2025-12-27,DPD,delivered,Munich
SHIP00445,O00445,2026-02-15,2026-02-16,DPD,delivered,Munich
SHIP00446,O00446,2025-12-31,2026-01-04,DHL,in_transit,Hamburg
SHIP00447,O00447,2026-01-11,2026-01-15,DPD,shipped,Munich
SHIP00448,O00448,2026-01-23,2026-01-27,DPD,delivered,Munich
SHIP00449,O00449,2026-02-16,2026-02-19,UPS,delivered,Munich
SHIP00450,O00450,2026-02-16,2026-02-23,DHL,in_transit,Munich
SHIP00451,O00451,2026-01-21,2026-01-25,UPS,shipped,Hamburg
SHIP00452,O00452,2026-01-04,2026-01-09,DPD,shipped,Munich
SHIP00453,O00453,2026-02-27,2026-03-06,DPD,shipped,Munich
SHIP00454,O00454,2026-01-26,2026-01-30,DHL,delivered,Hamburg
SHIP00455,O00455,2025-12-24,2025-12-30,DPD,delivered,Hamburg
SHIP00456,O00456,2026-01-12,2026-01-19,DHL,in_transit,Munich
SHIP00457,O00457,2026-01-15,2026-01-18,DHL,delivered,Munich
SHIP00458,O00458,2025-12-19,2025-12-26,UPS,in_transit,Hamburg
SHIP00459,O00459,2026-01-03,2026-01-09,DHL,in_transit,Munich
SHIP00460,O00460,2025-12-09,2025-12-10,DHL,delivered,Hamburg
SHIP00461,O00461,2026-03-04,2026-03-05,DPD,delivered,Munich
SHIP00462,O00462,2026-02-09,2026-02-11,DPD,shipped,Berlin
SHIP00463,O00463,2026-03-06,2026-03-11,UPS,shipped,Hamburg
SHIP00464,O00464,2026-01-01,2026-01-04,UPS,in_transit,Berlin
SHIP00465,O00465,2026-02-27,2026-03-02,DHL,shipped,Hamburg
SHIP00466,O00466,2026-02-23,2026-03-02,UPS,delivered,Berlin
SHIP00467,O00467,2026-01-15,2026-01-17,UPS,in_transit,Munich
SHIP00468,O00468,2026-01-20,2026-01-21,UPS,in_transit,Berlin
SHIP00469,O00469,2026-01-03,2026-01-07,DHL,shipped,Berlin
SHIP00470,O00470,2026-02-23,2026-02-25,UPS,shipped,Berlin
SHIP00471,O00471,2026-03-05,2026-03-07,DPD,delivered,Hamburg
SHIP00472,O00472,2026-03-09,2026-03-12,UPS,delivered,Munich
SHIP00473,O00473,2026-01-22,2026-01-23,UPS,delivered,Berlin
SHIP00474,O00474,2025-12-30,2025-12-31,DPD,shipped,Munich
SHIP00475,O00475,2026-01-12,2026-01-17,DPD,shipped,Munich
SHIP00476,O00476,2026-01-18,2026-01-24,DPD,in_transit,Berlin
SHIP00477,O00477,2026-02-05,2026-02-12,DPD,shipped,Berlin
SHIP00478,O00478,2026-02-08,2026-02-13,DHL,delivered,Berlin
SHIP00479,O00479,2026-03-08,2026-03-10,DHL,delivered,Berlin
SHIP00480,O00480,2025-12-12,2025-12-18,DPD,shipped,Berlin
SHIP00481,O00481,2026-01-07,2026-01-08,DPD,delivered,Munich
SHIP00482,O00482,2026-02-22,2026-02-27,DPD,delivered,Berlin
SHIP00483,O00483,2025-12-30,2026-01-02,DPD,in_transit,Berlin
SHIP00484,O00484,2026-03-03,2026-03-07,DHL,in_transit,Hamburg
SHIP00485,O00485,2026-01-20,2026-01-23,DPD,shipped,Hamburg
SHIP00486,O00486,2026-01-02,2026-01-05,UPS,in_transit,Munich
SHIP00487,O00487,2026-02-24,2026-03-03,DHL,shipped,Berlin
SHIP00488,O00488,2026-01-09,2026-01-14,DPD,in_transit,Hamburg
SHIP00489,O00489,2026-02-06,2026-02-12,UPS,shipped,Munich
SHIP00490,O00490,2025-12-18,2025-12-25,DPD,delivered,Hamburg
SHIP00491,O00491,2026-03-03,2026-03-04,DPD,shipped,Hamburg
SHIP00492,O00492,2026-01-22,2026-01-28,DHL,in_transit,Hamburg
SHIP00493,O00493,2026-01-23,2026-01-28,UPS,in_transit,Munich
SHIP00494,O00494,2025-12-17,2025-12-24,UPS,delivered,Hamburg
SHIP00495,O00495,2026-01-14,2026-01-17,UPS,delivered,Munich
SHIP00496,O00496,2026-03-09,2026-03-12,DHL,delivered,Berlin
SHIP00497,O00497,2026-02-10,2026-02-14,UPS,shipped,Berlin
SHIP00498,O00498,2026-02-06,2026-02-07,DPD,delivered,Hamburg
SHIP00499,O00499,2026-02-12,2026-02-19,DPD,in_transit,Hamburg
SHIP00500,O00500,2026-02-27,2026-02-28,DHL,delivered,Munich
SHIP00501,O00501,2026-01-16,2026-01-17,UPS,in_transit,Berlin
SHIP00502,O00502,2026-01-29,2026-01-31,DHL,in_transit,Hamburg
SHIP00503,O00503,2026-01-20,2026-01-27,UPS,shipped,Berlin
SHIP00504,O00504,2026-01-25,2026-01-29,DPD,delivered,Hamburg
SHIP00505,O00505,2026-02-22,2026-02-27,DPD,in_transit,Hamburg
SHIP00506,O00506,2026-02-06,2026-02-07,DPD,delivered,Munich
SHIP00507,O00507,2026-01-22,2026-01-29,UPS,shipped,Munich
SHIP00508,O00508,2025-12-22,2025-12-24,DPD,delivered,Berlin
SHIP00509,O00509,2026-02-28,2026-03-07,UPS,shipped,Munich
SHIP00510,O00510,2025-12-13,2025-12-15,DPD,in_transit,Berlin
SHIP00511,O00511,2026-02-12,2026-02-18,DPD,in_transit,Berlin
SHIP00512,O00512,2026-01-20,2026-01-23,DHL,in_transit,Hamburg
SHIP00513,O00513,2026-02-05,2026-02-11,DPD,delivered,Berlin
SHIP00514,O00514,2026-03-07,2026-03-10,UPS,in_transit,Hamburg
SHIP00515,O00515,2026-02-27,2026-03-04,UPS,delivered,Munich
SHIP00516,O00516,2026-01-19,2026-01-22,DPD,delivered,Berlin
SHIP00517,O00517,2026-01-06,2026-01-08,DHL,delivered,Munich
SHIP00518,O00518,2025-12-16,2025-12-21,DHL,delivered,Munich
SHIP00519,O00519,2025-12-23,2025-12-28,DPD,in_transit,Berlin
SHIP00520,O00520,2026-02-21,2026-02-24,DHL,in_transit,Hamburg
SHIP00521,O00521,2026-02-25,2026-03-01,UPS,delivered,Hamburg
SHIP00522,O00522,2025-12-18,2025-12-20,DHL,in_transit,Hamburg
SHIP00523,O00523,2026-02-02,2026-02-05,DHL,in_transit,Munich
SHIP00524,O00524,2026-02-23,2026-02-27,UPS,shipped,Berlin
SHIP00525,O00525,2026-02-16,2026-02-18,DPD,in_transit,Berlin
SHIP00526,O00526,2026-02-13,2026-02-20,UPS,shipped,Munich
SHIP00527,O00527,2026-01-17,2026-01-22,DHL,delivered,Munich
SHIP00528,O00528,2026-03-07,2026-03-12,DPD,shipped,Berlin
SHIP00529,O00529,2026-02-01,2026-02-05,UPS,in_transit,Berlin
SHIP00530,O00530,2025-12-11,2025-12-13,DPD,in_transit,Hamburg
SHIP00531,O00531,2026-02-21,2026-02-25,DPD,in_transit,Berlin
SHIP00532,O00532,2026-01-10,2026-01-11,DHL,in_transit,Munich
SHIP00533,O00533,2025-12-21,2025-12-22,DHL,delivered,Hamburg
SHIP00534,O00534,2025-12-15,2025-12-19,UPS,delivered,Hamburg
SHIP00535,O00535,2026-01-12,2026-01-13,DPD,delivered,Berlin
SHIP00536,O00536,2026-01-11,2026-01-16,DPD,delivered,Munich
SHIP00537,O00537,2026-01-18,2026-01-23,DPD,in_transit,Berlin
SHIP00538,O00538,2026-03-04,2026-03-11,DHL,in_transit,Hamburg
SHIP00539,O00539,2025-12-25,2025-12-27,DHL,in_transit,Munich
SHIP00540,O00540,2025-12-22,2025-12-23,DHL,delivered,Munich
SHIP00541,O00541,2026-01-24,2026-01-26,DHL,in_transit,Munich
SHIP00542,O00542,2026-01-26,2026-01-27,DPD,in_transit,Hamburg
SHIP00543,O00543,2026-01-03,2026-01-06,DPD,in_transit,Hamburg
SHIP00544,O00544,2026-01-24,2026-01-29,DHL,in_transit,Munich
SHIP00545,O00545,2026-02-13,2026-02-19,DHL,in_transit,Munich
SHIP00546,O00546,2026-01-17,2026-01-23,UPS,delivered,Berlin
SHIP00547,O00547,2026-01-31,2026-02-03,UPS,in_transit,Hamburg
SHIP00548,O00548,2025-12-24,2025-12-28,DHL,in_transit,Berlin
SHIP00549,O00549,2026-01-10,2026-01-16,DHL,in_transit,Munich
SHIP00550,O00550,2025-12-28,2026-01-04,UPS,shipped,Berlin
SHIP00551,O00551,2026-02-05,2026-02-07,DPD,shipped,Munich
SHIP00552,O00552,2025-12-09,2025-12-13,DHL,delivered,Munich
SHIP00553,O00553,2026-02-01,2026-02-08,DHL,shipped,Berlin
SHIP00554,O00554,2026-01-14,2026-01-18,DPD,in_transit,Munich
SHIP00555,O00555,2026-01-27,2026-01-31,UPS,in_transit,Hamburg
SHIP00556,O00556,2026-02-26,2026-02-27,DHL,in_transit,Hamburg
SHIP00557,O00557,2026-01-30,2026-02-01,UPS,delivered,Hamburg
SHIP00558,O00558,2026-01-29,2026-02-01,DHL,shipped,Hamburg
SHIP00559,O00559,2025-12-30,2026-01-02,DHL,in_transit,Munich
SHIP00560,O00560,2025-12-28,2026-01-02,UPS,shipped,Berlin
SHIP00561,O00561,2026-03-06,2026-03-07,UPS,delivered,Berlin
SHIP00562,O00562,2025-12-10,2025-12-17,DHL,in_transit,Hamburg
SHIP00563,O00563,2026-01-03,2026-01-04,UPS,delivered,Hamburg
SHIP00564,O00564,2025-12-17,2025-12-24,DPD,delivered,Munich
SHIP00565,O00565,2026-01-21,2026-01-22,DHL,delivered,Berlin
SHIP00566,O00566,2026-01-25,2026-01-30,DHL,delivered,Hamburg
SHIP00567,O00567,2026-02-27,2026-03-03,DPD,delivered,Berlin
SHIP00568,O00568,2025-12-20,2025-12-23,DHL,in_transit,Hamburg
SHIP00569,O00569,2026-01-13,2026-01-19,DPD,in_transit,Munich
SHIP00570,O00570,2026-02-23,2026-03-02,UPS,shipped,Munich
SHIP00571,O00571,2026-01-20,2026-01-26,DPD,shipped,Berlin
SHIP00572,O00572,2026-02-11,2026-02-15,DPD,delivered,Munich
SHIP00573,O00573,2025-12-23,2025-12-26,DPD,in_transit,Munich
SHIP00574,O00574,2026-01-15,2026-01-22,DHL,delivered,Berlin
SHIP00575,O00575,2026-01-23,2026-01-30,DHL,shipped,Munich
SHIP00576,O00576,2025-12-13,2025-12-17,DPD,shipped,Hamburg
SHIP00577,O00577,2026-02-18,2026-02-20,UPS,in_transit,Berlin
SHIP00578,O00578,2026-02-23,2026-03-01,UPS,shipped,Berlin
SHIP00579,O00579,2026-02-20,2026-02-24,DPD,delivered,Hamburg
SHIP00580,O00580,2026-01-11,2026-01-16,UPS,in_transit,Berlin
SHIP00581,O00581,2026-01-07,2026-01-13,UPS,shipped,Hamburg
SHIP00582,O00582,2026-01-06,2026-01-11,DPD,shipped,Berlin
SHIP00583,O00583,2026-01-07,2026-01-10,DPD,shipped,Munich
SHIP00584,O00584,2026-01-12,2026-01-15,DHL,shipped,Hamburg
SHIP00585,O00585,2025-12-25,2025-12-30,DHL,in_transit,Berlin
SHIP00586,O00586,2025-12-15,2025-12-17,DPD,shipped,Munich
SHIP00587,O00587,2026-02-05,2026-02-11,DHL,in_transit,Berlin
SHIP00588,O00588,2025-12-25,2026-01-01,DPD,shipped,Munich
SHIP00589,O00589,2026-02-15,2026-02-22,UPS,delivered,Munich
SHIP00590,O00590,2026-02-08,2026-02-09,DPD,delivered,Berlin
SHIP00591,O00591,2026-03-06,2026-03-12,DPD,shipped,Munich
SHIP00592,O00592,2025-12-14,2025-12-15,UPS,delivered,Munich
SHIP00593,O00593,2025-12-15,2025-12-22,UPS,in_transit,Hamburg
SHIP00594,O00594,2026-02-06,2026-02-10,DPD,in_transit,Berlin
SHIP00595,O00595,2025-12-13,2025-12-19,DHL,shipped,Berlin
SHIP00596,O00596,2026-01-17,2026-01-23,UPS,delivered,Berlin
SHIP00597,O00597,2026-03-06,2026-03-11,DPD,shipped,Hamburg
SHIP00598,O00598,2026-02-23,2026-02-24,DPD,shipped,Munich
SHIP00599,O00599,2026-02-03,2026-02-09,DPD,delivered,Munich
SHIP00600,O00600,2026-02-19,2026-02-20,UPS,delivered,Berlin
SHIP00601,O00601,2026-01-15,2026-01-16,DHL,in_transit,Munich
SHIP00602,O00602,2026-02-11,2026-02-12,DHL,shipped,Berlin
SHIP00603,O00603,2025-12-26,2026-01-01,DPD,shipped,Berlin
SHIP00604,O00604,2025-12-14,2025-12-19,DPD,delivered,Munich
SHIP00605,O00605,2026-01-16,2026-01-22,UPS,shipped,Hamburg
SHIP00606,O00606,2025-12-31,2026-01-03,DPD,delivered,Berlin
SHIP00607,O00607,2026-01-10,2026-01-14,DPD,shipped,Munich
SHIP00608,O00608,2025-12-13,2025-12-19,DHL,shipped,Berlin
SHIP00609,O00609,2026-02-13,2026-02-20,DPD,in_transit,Munich
SHIP00610,O00610,2026-01-05,2026-01-08,DPD,shipped,Munich
SHIP00611,O00611,2026-02-23,2026-02-24,DHL,in_transit,Berlin
SHIP00612,O00612,2026-01-06,2026-01-07,DHL,in_transit,Berlin
SHIP00613,O00613,2026-01-29,2026-02-02,DPD,in_transit,Berlin
SHIP00614,O00614,2026-03-01,2026-03-07,DPD,in_transit,Berlin
SHIP00615,O00615,2026-01-27,2026-01-30,DHL,delivered,Berlin
SHIP00616,O00616,2025-12-10,2025-12-12,DHL,in_transit,Hamburg
SHIP00617,O00617,2026-01-20,2026-01-22,DHL,in_transit,Hamburg
SHIP00618,O00618,2025-12-25,2025-12-31,UPS,in_transit,Munich
SHIP00619,O00619,2026-01-19,2026-01-24,DHL,in_transit,Munich
SHIP00620,O00620,2026-01-24,2026-01-29,UPS,in_transit,Hamburg
SHIP00621,O00621,2026-02-10,2026-02-11,DHL,in_transit,Munich
SHIP00622,O00622,2026-01-07,2026-01-10,DHL,delivered,Munich
SHIP00623,O00623,2026-01-25,2026-01-30,DHL,shipped,Berlin
SHIP00624,O00624,2026-01-09,2026-01-14,DPD,delivered,Munich
SHIP00625,O00625,2026-02-13,2026-02-15,DHL,shipped,Hamburg
SHIP00626,O00626,2026-01-19,2026-01-20,UPS,shipped,Berlin
SHIP00627,O00627,2025-12-24,2025-12-30,DHL,in_transit,Munich
SHIP00628,O00628,2026-02-03,2026-02-06,DHL,shipped,Munich
SHIP00629,O00629,2026-01-11,2026-01-18,DPD,in_transit,Berlin
SHIP00630,O00630,2025-12-29,2026-01-05,DHL,in_transit,Munich
SHIP00631,O00631,2026-01-11,2026-01-15,DPD,shipped,Hamburg
SHIP00632,O00632,2026-02-21,2026-02-27,DPD,shipped,Munich
SHIP00633,O00633,2026-01-02,2026-01-03,DPD,shipped,Hamburg
SHIP00634,O00634,2026-01-16,2026-01-17,UPS,in_transit,Munich
SHIP00635,O00635,2026-02-17,2026-02-24,DPD,delivered,Berlin
SHIP00636,O00636,2026-01-22,2026-01-27,DHL,delivered,Munich
SHIP00637,O00637,2026-02-04,2026-02-10,DHL,in_transit,Hamburg
SHIP00638,O00638,2026-01-22,2026-01-25,UPS,shipped,Hamburg
SHIP00639,O00639,2025-12-28,2026-01-02,DHL,in_transit,Munich
SHIP00640,O00640,2025-12-26,2025-12-31,DPD,delivered,Munich
SHIP00641,O00641,2026-03-03,2026-03-07,DPD,in_transit,Hamburg
SHIP00642,O00642,2026-01-03,2026-01-04,DHL,delivered,Berlin
SHIP00643,O00643,2026-02-02,2026-02-06,DHL,shipped,Hamburg
SHIP00644,O00644,2025-12-21,2025-12-25,UPS,in_transit,Hamburg
SHIP00645,O00645,2026-03-09,2026-03-13,DPD,delivered,Hamburg
SHIP00646,O00646,2025-12-18,2025-12-25,UPS,shipped,Munich
SHIP00647,O00647,2026-02-10,2026-02-13,UPS,shipped,Hamburg
SHIP00648,O00648,2026-02-17,2026-02-19,DHL,shipped,Berlin
SHIP00649,O00649,2026-01-29,2026-01-31,DPD,in_transit,Berlin
SHIP00650,O00650,2025-12-15,2025-12-20,UPS,shipped,Berlin
SHIP00651,O00651,2026-01-17,2026-01-23,DPD,in_transit,Munich
SHIP00652,O00652,2025-12-17,2025-12-24,DPD,in_transit,Munich
SHIP00653,O00653,2026-01-24,2026-01-27,DHL,delivered,Hamburg
SHIP00654,O00654,2026-02-10,2026-02-15,DPD,shipped,Munich
SHIP00655,O00655,2026-02-15,2026-02-17,UPS,delivered,Hamburg
SHIP00656,O00656,2025-12-25,2025-12-28,UPS,delivered,Berlin
SHIP00657,O00657,2026-02-01,2026-02-03,DPD,delivered,Hamburg
SHIP00658,O00658,2026-01-18,2026-01-20,DPD,in_transit,Berlin
SHIP00659,O00659,2026-02-22,2026-02-23,DHL,delivered,Hamburg
SHIP00660,O00660,2026-02-04,2026-02-11,UPS,delivered,Hamburg
SHIP00661,O00661,2026-01-09,2026-01-11,DHL,shipped,Berlin
SHIP00662,O00662,2026-02-06,2026-02-10,DHL,delivered,Hamburg
SHIP00663,O00663,2025-12-17,2025-12-22,DPD,delivered,Hamburg
SHIP00664,O00664,2026-01-07,2026-01-10,DPD,in_transit,Hamburg
SHIP00665,O00665,2026-03-10,2026-03-16,DHL,delivered,Berlin
SHIP00666,O00666,2026-03-05,2026-03-08,DPD,in_transit,Berlin
SHIP00667,O00667,2026-01-04,2026-01-09,UPS,delivered,Hamburg
SHIP00668,O00668,2026-02-01,2026-02-08,DHL,shipped,Berlin
SHIP00669,O00669,2026-01-03,2026-01-04,DHL,shipped,Hamburg
SHIP00670,O00670,2026-02-09,2026-02-10,DHL,shipped,Munich
SHIP00671,O00671,2026-01-26,2026-01-28,DPD,delivered,Berlin
SHIP00672,O00672,2026-02-23,2026-02-25,DHL,shipped,Munich
SHIP00673,O00673,2025-12-11,2025-12-13,DHL,shipped,Hamburg
SHIP00674,O00674,2026-01-03,2026-01-04,UPS,in_transit,Berlin
SHIP00675,O00675,2026-02-27,2026-02-28,DHL,shipped,Hamburg
SHIP00676,O00676,2026-02-03,2026-02-08,DPD,shipped,Berlin
SHIP00677,O00677,2025-12-26,2026-01-02,DPD,shipped,Hamburg
SHIP00678,O00678,2026-02-26,2026-03-02,DPD,shipped,Berlin
SHIP00679,O00679,2026-01-23,2026-01-30,UPS,shipped,Munich
SHIP00680,O00680,2026-02-25,2026-03-02,DPD,shipped,Berlin
SHIP00681,O00681,2026-01-29,2026-02-04,UPS,shipped,Hamburg
SHIP00682,O00682,2026-01-18,2026-01-20,DHL,in_transit,Munich
SHIP00683,O00683,2025-12-14,2025-12-18,UPS,in_transit,Hamburg
SHIP00684,O00684,2026-02-25,2026-02-27,DPD,delivered,Berlin
SHIP00685,O00685,2026-02-10,2026-02-17,DPD,delivered,Munich
SHIP00686,O00686,2026-01-09,2026-01-11,UPS,shipped,Berlin
SHIP00687,O00687,2026-02-05,2026-02-11,DHL,shipped,Munich
SHIP00688,O00688,2025-12-15,2025-12-20,DPD,shipped,Berlin
SHIP00689,O00689,2025-12-18,2025-12-22,DPD,delivered,Hamburg
SHIP00690,O00690,2026-01-25,2026-01-29,UPS,delivered,Munich
SHIP00691,O00691,2026-01-14,2026-01-20,DHL,delivered,Munich
SHIP00692,O00692,2026-02-23,2026-03-01,DPD,in_transit,Hamburg
SHIP00693,O00693,2025-12-28,2026-01-01,DPD,delivered,Hamburg
SHIP00694,O00694,2025-12-13,2025-12-15,UPS,delivered,Hamburg
SHIP00695,O00695,2025-12-28,2025-12-31,UPS,delivered,Munich
SHIP00696,O00696,2026-03-03,2026-03-08,DHL,in_transit,Berlin
SHIP00697,O00697,2026-01-31,2026-02-01,UPS,in_transit,Munich
SHIP00698,O00698,2025-12-30,2026-01-04,DHL,delivered,Munich
SHIP00699,O00699,2025-12-27,2025-12-30,UPS,in_transit,Hamburg
SHIP00700,O00700,2026-01-26,2026-01-30,DPD,shipped,Hamburg
SHIP00701,O00701,2026-02-13,2026-02-20,DHL,in_transit,Hamburg
SHIP00702,O00702,2026-02-25,2026-03-02,DPD,delivered,Munich
SHIP00703,O00703,2026-02-13,2026-02-15,UPS,delivered,Munich
SHIP00704,O00704,2025-12-21,2025-12-26,UPS,shipped,Hamburg
SHIP00705,O00705,2026-01-10,2026-01-13,UPS,shipped,Berlin
SHIP00706,O00706,2026-02-19,2026-02-26,DHL,in_transit,Berlin
SHIP00707,O00707,2026-01-17,2026-01-21,DHL,shipped,Berlin
SHIP00708,O00708,2026-02-16,2026-02-20,DPD,shipped,Berlin
SHIP00709,O00709,2026-02-18,2026-02-24,DHL,in_transit,Munich
SHIP00710,O00710,2026-03-10,2026-03-13,DPD,in_transit,Berlin
SHIP00711,O00711,2026-01-17,2026-01-22,DPD,in_transit,Hamburg
SHIP00712,O00712,2026-02-07,2026-02-14,DPD,in_transit,Munich
SHIP00713,O00713,2026-02-08,2026-02-11,UPS,delivered,Munich
SHIP00714,O00714,2025-12-27,2025-12-31,DPD,shipped,Munich
SHIP00715,O00715,2026-02-19,2026-02-26,DPD,in_transit,Berlin
SHIP00716,O00716,2025-12-12,2025-12-19,DPD,shipped,Hamburg
SHIP00717,O00717,2026-02-09,2026-02-10,DHL,delivered,Berlin
SHIP00718,O00718,2026-02-19,2026-02-26,DHL,delivered,Munich
SHIP00719,O00719,2026-01-18,2026-01-23,DHL,delivered,Munich
SHIP00720,O00720,2025-12-21,2025-12-28,DHL,in_transit,Hamburg
SHIP00721,O00721,2026-02-14,2026-02-20,UPS,delivered,Hamburg
SHIP00722,O00722,2026-03-02,2026-03-09,UPS,delivered,Munich
SHIP00723,O00723,2026-02-20,2026-02-24,UPS,shipped,Munich
SHIP00724,O00724,2026-01-21,2026-01-22,UPS,shipped,Munich
SHIP00725,O00725,2025-12-12,2025-12-14,DHL,delivered,Berlin
SHIP00726,O00726,2025-12-30,2025-12-31,DHL,in_transit,Berlin
SHIP00727,O00727,2026-02-16,2026-02-23,DHL,in_transit,Berlin
SHIP00728,O00728,2026-02-03,2026-02-10,DHL,shipped,Munich
SHIP00729,O00729,2026-02-07,2026-02-08,DHL,delivered,Berlin
SHIP00730,O00730,2026-01-29,2026-02-04,DPD,delivered,Berlin
SHIP00731,O00731,2026-02-28,2026-03-03,DPD,in_transit,Hamburg
SHIP00732,O00732,2025-12-11,2025-12-14,UPS,in_transit,Munich
SHIP00733,O00733,2026-02-24,2026-02-27,UPS,shipped,Berlin
SHIP00734,O00734,2026-01-27,2026-01-30,DHL,shipped,Munich
SHIP00735,O00735,2026-02-03,2026-02-08,UPS,delivered,Berlin
SHIP00736,O00736,2026-01-28,2026-01-30,DHL,shipped,Berlin
SHIP00737,O00737,2026-03-05,2026-03-09,DHL,delivered,Munich
SHIP00738,O00738,2025-12-10,2025-12-11,UPS,shipped,Berlin
SHIP00739,O00739,2026-02-01,2026-02-06,DPD,shipped,Munich
SHIP00740,O00740,2026-03-02,2026-03-08,DPD,shipped,Munich
SHIP00741,O00741,2026-01-21,2026-01-25,DPD,in_transit,Munich
SHIP00742,O00742,2026-01-12,2026-01-15,DPD,in_transit,Hamburg
SHIP00743,O00743,2026-02-21,2026-02-26,DPD,delivered,Berlin
SHIP00744,O00744,2026-01-17,2026-01-24,DHL,shipped,Munich
SHIP00745,O00745,2026-01-20,2026-01-27,UPS,in_transit,Munich
SHIP00746,O00746,2025-12-12,2025-12-16,UPS,delivered,Munich
SHIP00747,O00747,2026-02-05,2026-02-10,DHL,delivered,Hamburg
SHIP00748,O00748,2026-01-15,2026-01-21,DPD,in_transit,Berlin
SHIP00749,O00749,2026-01-08,2026-01-09,UPS,delivered,Berlin
SHIP00750,O00750,2026-02-20,2026-02-25,DHL,shipped,Hamburg
SHIP00751,O00751,2026-02-26,2026-03-01,UPS,in_transit,Berlin
SHIP00752,O00752,2026-01-07,2026-01-08,DHL,delivered,Hamburg
SHIP00753,O00753,2026-02-01,2026-02-04,DHL,shipped,Berlin
SHIP00754,O00754,2026-02-26,2026-02-27,UPS,shipped,Berlin
SHIP00755,O00755,2026-02-18,2026-02-21,DPD,in_transit,Munich
SHIP00756,O00756,2025-12-11,2025-12-13,DHL,shipped,Berlin
SHIP00757,O00757,2026-03-07,2026-03-13,DHL,delivered,Hamburg
SHIP00758,O00758,2026-01-03,2026-01-07,DHL,shipped,Berlin
SHIP00759,O00759,2026-02-17,2026-02-24,UPS,in_transit,Berlin
SHIP00760,O00760,2026-02-12,2026-02-13,DPD,in_transit,Munich
SHIP00761,O00761,2026-01-18,2026-01-22,DPD,in_transit,Hamburg
SHIP00762,O00762,2025-12-20,2025-12-24,DPD,delivered,Hamburg
SHIP00763,O00763,2026-03-04,2026-03-09,DPD,delivered,Munich
SHIP00764,O00764,2025-12-11,2025-12-15,UPS,delivered,Berlin
SHIP00765,O00765,2026-01-06,2026-01-12,DPD,delivered,Munich
SHIP00766,O00766,2025-12-13,2025-12-16,DPD,in_transit,Berlin
SHIP00767,O00767,2025-12-17,2025-12-18,UPS,delivered,Munich
SHIP00768,O00768,2026-02-09,2026-02-12,DPD,shipped,Berlin
SHIP00769,O00769,2026-01-05,2026-01-06,DPD,shipped,Munich
SHIP00770,O00770,2026-02-04,2026-02-10,DHL,delivered,Munich
SHIP00771,O00771,2026-02-23,2026-02-25,DPD,shipped,Berlin
SHIP00772,O00772,2026-01-25,2026-01-31,DHL,shipped,Hamburg
SHIP00773,O00773,2026-01-25,2026-02-01,DHL,shipped,Munich
SHIP00774,O00774,2026-01-27,2026-02-02,UPS,delivered,Hamburg
SHIP00775,O00775,2025-12-17,2025-12-21,UPS,delivered,Hamburg
SHIP00776,O00776,2025-12-12,2025-12-13,UPS,delivered,Munich
SHIP00777,O00777,2026-02-17,2026-02-22,DHL,in_transit,Hamburg
SHIP00778,O00778,2025-12-17,2025-12-23,DPD,delivered,Munich
SHIP00779,O00779,2026-03-09,2026-03-14,DPD,in_transit,Hamburg
SHIP00780,O00780,2026-01-11,2026-01-12,DPD,delivered,Munich
SHIP00781,O00781,2026-02-23,2026-02-28,UPS,in_transit,Berlin
SHIP00782,O00782,2026-03-10,2026-03-15,DHL,in_transit,Berlin
SHIP00783,O00783,2026-01-21,2026-01-25,UPS,in_transit,Hamburg
SHIP00784,O00784,2026-03-11,2026-03-14,DPD,in_transit,Hamburg
SHIP00785,O00785,2025-12-15,2025-12-20,DPD,shipped,Munich
SHIP00786,O00786,2026-01-10,2026-01-11,UPS,shipped,Munich
SHIP00787,O00787,2026-02-13,2026-02-20,UPS,in_transit,Munich
SHIP00788,O00788,2025-12-19,2025-12-24,DHL,delivered,Hamburg
SHIP00789,O00789,2026-01-13,2026-01-14,DPD,shipped,Hamburg
SHIP00790,O00790,2026-01-23,2026-01-28,UPS,shipped,Hamburg
SHIP00791,O00791,2026-02-20,2026-02-24,DHL,shipped,Berlin
SHIP00792,O00792,2025-12-25,2026-01-01,DPD,delivered,Berlin
SHIP00793,O00793,2026-02-25,2026-03-02,UPS,in_transit,Munich
SHIP00794,O00794,2026-01-28,2026-02-04,UPS,in_transit,Munich
SHIP00795,O00795,2026-02-18,2026-02-22,UPS,in_transit,Berlin
SHIP00796,O00796,2025-12-14,2025-12-19,DPD,in_transit,Munich
SHIP00797,O00797,2025-12-27,2026-01-01,DPD,shipped,Munich
SHIP00798,O00798,2026-01-05,2026-01-07,DPD,in_transit,Munich
SHIP00799,O00799,2026-02-27,2026-03-03,DHL,delivered,Munich
SHIP00800,O00800,2026-02-14,2026-02-15,DHL,in_transit,Berlin
SHIP00801,O00801,2026-02-03,2026-02-07,DPD,shipped,Berlin
SHIP00802,O00802,2025-12-24,2025-12-25,UPS,shipped,Munich
SHIP00803,O00803,2026-01-28,2026-02-04,DPD,in_transit,Berlin
SHIP00804,O00804,2026-01-05,2026-01-08,UPS,in_transit,Munich
SHIP00805,O00805,2026-03-03,2026-03-08,DPD,in_transit,Berlin
SHIP00806,O00806,2026-02-09,2026-02-13,DHL,in_transit,Hamburg
SHIP00807,O00807,2026-02-14,2026-02-19,UPS,shipped,Berlin
SHIP00808,O00808,2026-01-11,2026-01-14,DPD,delivered,Hamburg
SHIP00809,O00809,2026-01-21,2026-01-27,DPD,in_transit,Berlin
SHIP00810,O00810,2026-02-01,2026-02-05,DHL,in_transit,Hamburg
SHIP00811,O00811,2026-01-28,2026-02-03,UPS,delivered,Berlin
SHIP00812,O00812,2026-01-09,2026-01-14,UPS,shipped,Berlin
SHIP00813,O00813,2025-12-13,2025-12-20,DPD,in_transit,Berlin
SHIP00814,O00814,2026-01-03,2026-01-10,DPD,delivered,Munich
SHIP00815,O00815,2026-02-15,2026-02-19,DHL,shipped,Hamburg
SHIP00816,O00816,2026-03-09,2026-03-16,DPD,shipped,Berlin
SHIP00817,O00817,2026-01-06,2026-01-07,DHL,in_transit,Munich
SHIP00818,O00818,2026-02-24,2026-03-02,DPD,in_transit,Hamburg
SHIP00819,O00819,2025-12-12,2025-12-18,DHL,shipped,Munich
SHIP00820,O00820,2025-12-27,2026-01-02,DPD,in_transit,Hamburg
SHIP00821,O00821,2026-02-04,2026-02-11,UPS,delivered,Munich
SHIP00822,O00822,2026-02-02,2026-02-08,DHL,shipped,Munich
SHIP00823,O00823,2026-01-16,2026-01-19,DHL,in_transit,Berlin
SHIP00824,O00824,2026-02-09,2026-02-12,UPS,shipped,Hamburg
SHIP00825,O00825,2025-12-21,2025-12-28,UPS,shipped,Berlin
SHIP00826,O00826,2026-01-09,2026-01-10,DPD,in_transit,Munich
SHIP00827,O00827,2026-02-24,2026-02-28,UPS,in_transit,Berlin
SHIP00828,O00828,2026-02-24,2026-02-25,DHL,in_transit,Berlin
SHIP00829,O00829,2025-12-31,2026-01-02,DPD,in_transit,Hamburg
SHIP00830,O00830,2026-03-08,2026-03-11,DPD,in_transit,Berlin
SHIP00831,O00831,2026-01-10,2026-01-15,DPD,shipped,Hamburg
SHIP00832,O00832,2026-02-16,2026-02-22,DPD,delivered,Berlin
SHIP00833,O00833,2026-02-09,2026-02-14,DPD,delivered,Munich
SHIP00834,O00834,2025-12-27,2025-12-30,UPS,shipped,Hamburg
SHIP00835,O00835,2025-12-23,2025-12-27,UPS,shipped,Berlin
SHIP00836,O00836,2025-12-21,2025-12-27,DPD,delivered,Hamburg
SHIP00837,O00837,2025-12-13,2025-12-15,DHL,delivered,Berlin
SHIP00838,O00838,2026-01-06,2026-01-08,UPS,in_transit,Munich
SHIP00839,O00839,2026-01-20,2026-01-21,UPS,shipped,Hamburg
SHIP00840,O00840,2026-02-25,2026-02-26,DHL,shipped,Berlin
SHIP00841,O00841,2026-02-02,2026-02-04,DHL,shipped,Berlin
SHIP00842,O00842,2026-02-04,2026-02-07,DHL,delivered,Munich
SHIP00843,O00843,2026-02-07,2026-02-08,DHL,shipped,Berlin
SHIP00844,O00844,2026-02-16,2026-02-22,DHL,shipped,Hamburg
SHIP00845,O00845,2025-12-25,2025-12-26,DPD,delivered,Berlin
SHIP00846,O00846,2026-01-03,2026-01-05,DPD,delivered,Hamburg
SHIP00847,O00847,2026-01-05,2026-01-10,DPD,delivered,Hamburg
SHIP00848,O00848,2026-01-06,2026-01-08,UPS,shipped,Munich
SHIP00849,O00849,2026-02-12,2026-02-17,DHL,shipped,Berlin
SHIP00850,O00850,2026-01-31,2026-02-04,DPD,in_transit,Munich
SHIP00851,O00851,2026-01-17,2026-01-20,UPS,delivered,Berlin
SHIP00852,O00852,2026-02-15,2026-02-18,DPD,in_transit,Hamburg
SHIP00853,O00853,2025-12-17,2025-12-20,DHL,in_transit,Berlin
SHIP00854,O00854,2026-01-28,2026-01-30,DPD,in_transit,Berlin
SHIP00855,O00855,2026-01-02,2026-01-06,DPD,in_transit,Berlin
SHIP00856,O00856,2026-01-08,2026-01-14,DPD,shipped,Munich
SHIP00857,O00857,2026-02-08,2026-02-11,DHL,delivered,Hamburg
SHIP00858,O00858,2026-01-16,2026-01-21,DHL,delivered,Hamburg
SHIP00859,O00859,2026-03-11,2026-03-15,DPD,delivered,Hamburg
SHIP00860,O00860,2026-01-01,2026-01-04,DPD,in_transit,Hamburg
SHIP00861,O00861,2025-12-22,2025-12-27,UPS,shipped,Munich
SHIP00862,O00862,2026-02-25,2026-02-26,DPD,in_transit,Berlin
SHIP00863,O00863,2026-03-05,2026-03-06,UPS,delivered,Berlin
SHIP00864,O00864,2026-02-10,2026-02-15,DHL,shipped,Munich
SHIP00865,O00865,2026-01-19,2026-01-23,DPD,shipped,Munich
SHIP00866,O00866,2026-02-14,2026-02-16,DPD,in_transit,Munich
SHIP00867,O00867,2025-12-24,2025-12-26,UPS,shipped,Munich
SHIP00868,O00868,2025-12-25,2025-12-30,DHL,in_transit,Berlin
SHIP00869,O00869,2026-02-01,2026-02-05,DHL,shipped,Hamburg
SHIP00870,O00870,2026-01-13,2026-01-15,DHL,delivered,Hamburg
SHIP00871,O00871,2026-01-03,2026-01-10,DPD,shipped,Munich
SHIP00872,O00872,2026-03-01,2026-03-04,DHL,in_transit,Berlin
SHIP00873,O00873,2026-01-12,2026-01-19,DHL,delivered,Berlin
SHIP00874,O00874,2026-03-11,2026-03-15,UPS,shipped,Berlin
SHIP00875,O00875,2025-12-30,2026-01-06,DHL,shipped,Berlin
SHIP00876,O00876,2025-12-25,2025-12-27,DHL,in_transit,Berlin
SHIP00877,O00877,2025-12-14,2025-12-20,DHL,in_transit,Hamburg
SHIP00878,O00878,2026-02-12,2026-02-16,DHL,in_transit,Berlin
SHIP00879,O00879,2026-03-04,2026-03-05,DHL,delivered,Berlin
SHIP00880,O00880,2026-03-09,2026-03-15,DHL,shipped,Munich
SHIP00881,O00881,2026-01-04,2026-01-09,UPS,delivered,Berlin
SHIP00882,O00882,2026-02-08,2026-02-12,DPD,delivered,Berlin
SHIP00883,O00883,2026-01-21,2026-01-27,DPD,delivered,Berlin
SHIP00884,O00884,2026-03-02,2026-03-05,DHL,in_transit,Munich
SHIP00885,O00885,2025-12-20,2025-12-27,DPD,delivered,Berlin
SHIP00886,O00886,2026-01-27,2026-02-01,DPD,in_transit,Berlin
SHIP00887,O00887,2026-02-11,2026-02-18,DHL,in_transit,Berlin
SHIP00888,O00888,2026-03-03,2026-03-07,DHL,in_transit,Berlin
SHIP00889,O00889,2026-02-08,2026-02-11,DPD,shipped,Hamburg
SHIP00890,O00890,2026-01-16,2026-01-19,DHL,shipped,Hamburg
SHIP00891,O00891,2026-03-04,2026-03-06,UPS,in_transit,Berlin
SHIP00892,O00892,2026-03-02,2026-03-04,DHL,shipped,Berlin
SHIP00893,O00893,2025-12-27,2025-12-30,DHL,in_transit,Berlin
SHIP00894,O00894,2026-02-09,2026-02-15,DHL,delivered,Munich
SHIP00895,O00895,2026-03-02,2026-03-06,DPD,in_transit,Hamburg
SHIP00896,O00896,2026-01-13,2026-01-20,UPS,in_transit,Hamburg
SHIP00897,O00897,2026-02-21,2026-02-24,UPS,delivered,Munich
SHIP00898,O00898,2025-12-30,2026-01-01,DHL,shipped,Berlin
SHIP00899,O00899,2026-03-11,2026-03-15,DPD,delivered,Munich
SHIP00900,O00900,2026-01-06,2026-01-10,DPD,shipped,Berlin
SHIP00901,O00901,2026-01-15,2026-01-21,DHL,in_transit,Munich
SHIP00902,O00902,2026-01-15,2026-01-21,DPD,in_transit,Berlin
SHIP00903,O00903,2025-12-12,2025-12-18,DHL,delivered,Berlin
SHIP00904,O00904,2025-12-22,2025-12-28,DPD,delivered,Munich
SHIP00905,O00905,2025-12-12,2025-12-15,DPD,delivered,Hamburg
SHIP00906,O00906,2025-12-30,2025-12-31,DPD,in_transit,Munich
SHIP00907,O00907,2026-02-21,2026-02-22,DHL,delivered,Berlin
SHIP00908,O00908,2026-02-27,2026-03-05,UPS,shipped,Berlin
SHIP00909,O00909,2026-01-22,2026-01-27,DHL,delivered,Hamburg
SHIP00910,O00910,2026-02-12,2026-02-19,UPS,delivered,Hamburg
SHIP00911,O00911,2025-12-20,2025-12-24,DHL,delivered,Berlin
SHIP00912,O00912,2026-01-25,2026-01-26,DHL,delivered,Berlin
SHIP00913,O00913,2025-12-14,2025-12-18,DPD,in_transit,Munich
SHIP00914,O00914,2026-01-08,2026-01-11,DHL,delivered,Hamburg
SHIP00915,O00915,2026-01-17,2026-01-18,UPS,in_transit,Munich
SHIP00916,O00916,2026-02-21,2026-02-24,UPS,in_transit,Hamburg
SHIP00917,O00917,2025-12-17,2025-12-18,DPD,delivered,Berlin
SHIP00918,O00918,2026-01-26,2026-01-29,UPS,delivered,Hamburg
SHIP00919,O00919,2025-12-11,2025-12-17,DHL,in_transit,Hamburg
SHIP00920,O00920,2026-01-07,2026-01-09,UPS,shipped,Munich
SHIP00921,O00921,2025-12-15,2025-12-16,UPS,in_transit,Berlin
SHIP00922,O00922,2026-02-19,2026-02-25,UPS,in_transit,Berlin
SHIP00923,O00923,2025-12-16,2025-12-23,DHL,in_transit,Hamburg
SHIP00924,O00924,2026-03-03,2026-03-10,DHL,shipped,Munich
SHIP00925,O00925,2026-02-24,2026-03-02,DHL,in_transit,Munich
SHIP00926,O00926,2026-02-22,2026-03-01,UPS,delivered,Munich
SHIP00927,O00927,2026-01-21,2026-01-26,UPS,delivered,Berlin
SHIP00928,O00928,2026-02-02,2026-02-04,DPD,in_transit,Hamburg
SHIP00929,O00929,2026-03-07,2026-03-13,DHL,delivered,Munich
SHIP00930,O00930,2025-12-10,2025-12-17,DPD,shipped,Hamburg
SHIP00931,O00931,2026-03-04,2026-03-05,DPD,delivered,Munich
SHIP00932,O00932,2026-01-13,2026-01-18,DPD,delivered,Munich
SHIP00933,O00933,2025-12-12,2025-12-19,DPD,shipped,Hamburg
SHIP00934,O00934,2026-02-02,2026-02-05,DHL,shipped,Berlin
SHIP00935,O00935,2026-02-11,2026-02-17,DHL,delivered,Munich
SHIP00936,O00936,2025-12-14,2025-12-15,DHL,in_transit,Hamburg
SHIP00937,O00937,2026-01-25,2026-01-26,DHL,delivered,Munich
SHIP00938,O00938,2026-01-29,2026-02-05,UPS,in_transit,Munich
SHIP00939,O00939,2026-02-01,2026-02-02,DHL,shipped,Munich
SHIP00940,O00940,2025-12-19,2025-12-22,DPD,in_transit,Berlin
SHIP00941,O00941,2025-12-25,2025-12-26,UPS,shipped,Hamburg
SHIP00942,O00942,2026-01-03,2026-01-04,DPD,in_transit,Hamburg
SHIP00943,O00943,2025-12-17,2025-12-18,DPD,delivered,Munich
SHIP00944,O00944,2026-02-24,2026-03-03,DHL,shipped,Berlin
SHIP00945,O00945,2026-01-04,2026-01-06,UPS,shipped,Hamburg
SHIP00946,O00946,2026-02-02,2026-02-08,UPS,in_transit,Munich
SHIP00947,O00947,2025-12-22,2025-12-24,DHL,shipped,Berlin
SHIP00948,O00948,2026-01-31,2026-02-06,DPD,delivered,Berlin
SHIP00949,O00949,2026-01-01,2026-01-02,UPS,in_transit,Munich
SHIP00950,O00950,2025-12-13,2025-12-19,DPD,in_transit,Berlin
SHIP00951,O00951,2026-01-23,2026-01-30,UPS,delivered,Berlin
SHIP00952,O00952,2025-12-22,2025-12-28,DPD,delivered,Berlin
SHIP00953,O00953,2026-01-26,2026-02-02,DHL,delivered,Berlin
SHIP00954,O00954,2026-02-26,2026-03-03,DPD,delivered,Hamburg
SHIP00955,O00955,2026-01-08,2026-01-13,DHL,shipped,Berlin
SHIP00956,O00956,2026-01-29,2026-02-01,DHL,in_transit,Hamburg
SHIP00957,O00957,2026-02-19,2026-02-20,DPD,in_transit,Munich
SHIP00958,O00958,2025-12-12,2025-12-15,UPS,in_transit,Munich
SHIP00959,O00959,2026-02-02,2026-02-05,UPS,delivered,Berlin
SHIP00960,O00960,2025-12-18,2025-12-19,DPD,delivered,Hamburg
SHIP00961,O00961,2026-01-05,2026-01-09,DHL,in_transit,Berlin
SHIP00962,O00962,2026-03-08,2026-03-13,UPS,shipped,Hamburg
SHIP00963,O00963,2026-01-03,2026-01-04,UPS,delivered,Munich
SHIP00964,O00964,2026-02-16,2026-02-19,UPS,delivered,Munich
SHIP00965,O00965,2026-02-04,2026-02-08,DPD,delivered,Berlin
SHIP00966,O00966,2026-01-25,2026-01-26,DHL,delivered,Hamburg
SHIP00967,O00967,2026-02-17,2026-02-19,DHL,in_transit,Hamburg
SHIP00968,O00968,2026-02-20,2026-02-22,UPS,delivered,Munich
SHIP00969,O00969,2026-02-02,2026-02-08,UPS,shipped,Berlin
SHIP00970,O00970,2026-01-23,2026-01-24,DHL,delivered,Berlin
SHIP00971,O00971,2026-02-21,2026-02-25,DPD,delivered,Berlin
SHIP00972,O00972,2026-01-18,2026-01-23,DPD,in_transit,Munich
SHIP00973,O00973,2026-02-23,2026-02-28,DHL,in_transit,Berlin
SHIP00974,O00974,2026-03-05,2026-03-08,UPS,delivered,Berlin
SHIP00975,O00975,2026-01-16,2026-01-23,DHL,delivered,Hamburg
SHIP00976,O00976,2026-02-05,2026-02-11,DPD,in_transit,Hamburg
SHIP00977,O00977,2026-02-15,2026-02-19,DHL,delivered,Berlin
SHIP00978,O00978,2026-02-22,2026-02-26,DPD,delivered,Hamburg
SHIP00979,O00979,2025-12-18,2025-12-23,UPS,in_transit,Berlin
SHIP00980,O00980,2026-02-02,2026-02-04,UPS,shipped,Berlin
SHIP00981,O00981,2026-03-07,2026-03-10,DPD,shipped,Munich
SHIP00982,O00982,2026-02-14,2026-02-15,DPD,shipped,Hamburg
SHIP00983,O00983,2025-12-31,2026-01-02,DPD,delivered,Berlin
SHIP00984,O00984,2025-12-25,2025-12-26,DPD,in_transit,Berlin
SHIP00985,O00985,2026-02-14,2026-02-17,DPD,delivered,Berlin
SHIP00986,O00986,2026-01-02,2026-01-07,DPD,delivered,Hamburg
SHIP00987,O00987,2026-01-27,2026-01-31,DPD,in_transit,Berlin
SHIP00988,O00988,2026-02-15,2026-02-22,DPD,shipped,Hamburg
SHIP00989,O00989,2026-01-21,2026-01-26,UPS,delivered,Hamburg
SHIP00990,O00990,2026-02-04,2026-02-09,DPD,shipped,Hamburg
SHIP00991,O00991,2026-01-12,2026-01-18,UPS,in_transit,Berlin
SHIP00992,O00992,2026-02-17,2026-02-20,DHL,delivered,Berlin
SHIP00993,O00993,2025-12-19,2025-12-25,DPD,delivered,Munich
SHIP00994,O00994,2026-02-28,2026-03-03,DHL,in_transit,Berlin
SHIP00995,O00995,2026-01-23,2026-01-28,DPD,in_transit,Berlin
SHIP00996,O00996,2025-12-12,2025-12-15,UPS,shipped,Hamburg
SHIP00997,O00997,2025-12-22,2025-12-25,DHL,delivered,Berlin
SHIP00998,O00998,2026-01-08,2026-01-14,DHL,in_transit,Munich
SHIP00999,O00999,2026-03-08,2026-03-09,DHL,shipped,Munich
SHIP01000,O01000,2026-02-07,2026-02-13,DHL,in_transit,Berlin
